,CO,T,CS,FS
0,0,0,0.3,49.114174
1,0,100,0.3,47.87258
2,0,200,0.3,47.177727
3,0,300,0.3,46.482872
4,0,400,0.3,45.78801
5,0,500,0.3,45.16579
6,0,600,0.3,44.57699
7,0,700,0.3,43.988194
8,0,800,0.3,43.316406
9,0,900,0.3,42.06315
10,0,1000,0.3,40.809902
11,0,1100,0.3,39.556652
12,0,1200,0.3,38.30339
